ADMISIONES Y AUTORIZACIONES;ASISTENTE DE AUTORIZACIONES-ADMISIONES Y AUTORIZACIONES;¿Realiza el censo hospitalario para identificar las autorizaciones pendientes y el estado de los pacientes en cuanto a su cobertura?;¿Elabora y envia los censos de pacientes a las diferentes entidades?;¿Verifica los derechos de los pacientes por paginas, portales de cada entidad o via telefonica?,;¿Tramita las autorizaciones para los diferentes procesos de pacientes hospitalizados?,;"¿Solicita codigos y autorizaciones de procedimientos y de hospitalizacion?);";
ADMISIONES Y AUTORIZACIONES;AUXILIAR DE ADMISIONES-ADMISIONES Y AUTORIZACIONES;¿Atiende y direcciona las solicitudes requeridas por el usuario y/o paciente?;¿Garantiza una oportuna, efectiva y amable orientacion a las consultas e inquietudes del usuario?;¿Registrar en el sistema las ordenes del servicio requerido?,;¿Informa al usuario y/o paciente los aspectos generales y la disponibilidad de los servicios?,;"¿Cumple puntualmente con los horarios establecidos garantizado la atencion a los usuarios?);";
ADMISIONES Y AUTORIZACIONES;AUXILIAR DE SERVICIOS AMBULATORIOS-ADMISIONES Y AUTORIZACIONES;Revisar, organizar y registrar los documentos pertinentes para el procedimiento de facturacion respectiva. ;Imprimir los diferentes documentos necesarios para soportar la facturacion a realizar.;Organizar las facturas elaboradas de acuerdo con el procedimiento establecido en el area. ;Asegurar la facturacion de los documentos y soportes recibidos en el area. ;Atender y direccionar las solicitudes requeridas por el usuario y/o paciente.;
ADMISIONES Y AUTORIZACIONES;COORDINADOR DE ADMISIONES Y AUTORIZACIONES-ADMISIONES Y AUTORIZACIONES;¿Realiza estadisticas mensuales para la elaboracion y analisis de indicadores de gestion?;¿Coordina con el area Administrativa y demas jefes de area el analisis de eventos presentados en las solicitudes de Admisiones que presenten alguna inconsistencia administrativa o medica?;¿Coordina y lidera los procesos administrativos del area a cargo?.,;¿Supervisa el cumplimiento de los procesos, procedimientos y politicas definida del area?.,;"¿Realiza el seguimiento a la ejecucion adecuada de las funciones, tareas y actividades propias del personal a cargo?.);";
ALMACEN;AUXILIAR  ALMACEN-ALMACEN; Realizar en el sistema las transacciones concernientes al ingreso, salida y traslado de productos, equipos o materiales del area. ;Ejecutar la gestion administrativa y logistica para el desarrollo de las actividades del area. ;Recibir las facturas del area y verificar que lo facturado corresponda a lo solicitado. ;Elaborar el reporte pertinente en los casos de devolucion de mercancia, materiales u otros elementos. ;Mantener actualizado el inventario fisico y sistematico validando la coherencia entre estos. ;
AMBIENTE FISICO;ASISTENTE DE AMBIENTE FISICO-AMBIENTE FISICO;¿Vela por la limpieza y aseo de las habitaciones, areas comunes y demas pasillos o areas internas de la organizacion?;¿Informa las diferentes fallas, daños y averias dentro de toda la organizacion y coordinar con el Departamento de Infraestructura Fisica su respectivo mantenimiento?;¿Lleva a cabo la logistica necesaria para los diferentes eventos que se realizan dentro de la organizacion?,;¿Recibe y organiza el pedido de insumos y abastecimientos necesarios para los servicios de la organizacion?,;"¿Coordinar el personal de servicios generales de toda la clinica y distribuir las funciones?);";
AMBIENTE FISICO;ASISTENTE DE GESTION AMBIENTAL-AMBIENTE FISICO;¿Alimenta las bases de datos de generacion de residuos para poder llevar indicadores?;¿Realiza la medicion de cloro y PH en los diferentes puntos de la clinica a diario?;¿Acompaña el proceso de fumigacion y lavado de tanques?,;¿Hace acompañamiento en el lavado de trampa de gras de Alimso una vez por semana?,;"¿Realiza la entrega de reciclaje al proveedor externo?);";
AMBIENTE FISICO;AUXILIAR DE AMBIENTE FISICO-AMBIENTE FISICO;¿Realiza las tareas de aseo y limpieza de las areas correspondientes?;¿Realiza el pedido de insumos necesarios para la ejecucion de sus funciones?;¿Mantiene limpio y ordenado el servicio o lugar de trabajo asignado?,;¿Realiza el lavado de los baños, barrer y trapear habitaciones y areas comunes?,;"¿Realza aseos terminales cuando se requiere?);";
AUDITORIA;ASISTENTE DE AUDITORIA-AUDITORIA;¿Realiza conciliacion de glosas formuladas por motivos administrativos?;¿Contesta las objeciones generadas por las diferentes EPS, EPS-S, entes territoriales y aseguradoras?;¿Registra los soportes de (laboratorios, autorizaciones, imagenes diagnosticas, patologias, etc.)?,;¿Contesta las glosas en el Sistema de informacion?,;"¿Genera notas de credito en el Sistema de informacion?);";
AUDITORIA;AUDITORA MEDICA-AUDITORIA;Contestar las objeciones generadas por las diferentes entidades responsables de pago. ;Dar respuesta a las glosas de pertinencia medica generadas por las diferentes aseguradoras, asi como coordinar y controlar las respuestas de glosas por otros conceptos asignadas al equipo de Asistentes de Auditoria. ; Apoyar y orientar a los Asistentes de Auditoria, en la respuesta a la glosa acorde a los contratos y normas vigentes. ;Coordinar y liderar los procesos administrativos del area a cargo. ;Supervisar el cumplimiento de las normas, procedimientos y politicas definidas del area. ;
BIOINGENIERIA;INGENIERO BIOMEDICO-BIOINGENIERIA;¿Brinda apoyo tecnico al proceso de valoracion, evaluacion y adquisicion de nuevas tecnologias biomedicas?;¿Analiza y apoya en la resolucion de problemas relacionados con la deteccion de falencias de los equipos biomedicos de la Institucion?;¿Garantiza que los equipos biomedicos se encuentren en excelentes condiciones para el uso de los mismos?,;¿Soporta tecnica y teoricamente a los Tecnicos de Bioingenieria de acuerdo con los requerimientos del area?,;"¿Realiza seguimiento a los objetivos y metas planteadas para garantizar su cumplimiento?);";
BIOINGENIERIA;TECNICO DE BIOINGENIERA-BIOINGENIERIA;¿Ejecuta los cronogramas de mantenimiento preventivo de los equipos biomedicos?;¿Cumple con los objetivos y metas que se le asignan de acuerdo con su competencia?;¿Asiste las solicitudes y/o requerimientos de mantenimiento correctivo de equipos biomedicos?,;¿Aplica adecuadamente las normas tecnicas vigentes para realizar los procesos pertinentes en el area?,;"¿Conoce y cumple con la gestion del mantenimiento de los equipos biomedicos implementada por el area de acuerdo con los parametros y directrices de la Institucion?);";
CARTERA;ASISTENTE DE CARTERA-CARTERA;¿Lidera las acciones encaminadas al cobro de la cartera, facturacion y radicacion de cuentas?;¿Notifica por escrito los vencimientos de la cartera a los segmentos de entidades?¿Gestiona, analiza y registra informacion de las operaciones generadas del factoring?;¿Gestiona, analiza y registra informacion de las operaciones generadas del factoring?,;¿Concilia mensualmente las cuentas contables que tiene que ver con las cuentas por cobrar?,;"¿Concilia contablemente con los clientes, para definir los acuerdos de pagos, cruce de cuentas o los valores a conciliar por parte de auditoria medica?);";
CARTERA;AUXILIAR DE CARTERA-CARTERA;¿Recibe, verifica y archiva las facturas radicadas?;¿Realiza gestion telefonica para la obtencion de soportes de pago?;¿Selecciona las facturas para factoring?,;¿Elabora y realiza alistamiento para endoso de las facturas designadas factoring?,;"¿Realizar embalaje de las facturas de factoring?);";
CIRUGIA;AUXILIAR DE ENFERMERIA-CIRUGIA;¿Realiza los procedimientos necesarios de enfermeria de acuerdo con su competencia, proporcionando bienestar al paciente y brindando un servicio amable, oportuno y cordial?;¿Vela por el cuidado y buen funcionamiento de los equipos asignados en el servicio?;¿Realiza la toma de signos vitales y proporciona los cuidados basicos a los pacientes?,;¿Conoce y aplica las guias, procedimientos y protocolos del servicio?,;"¿Realiza el procedimiento de venopuncion y administrar los medicamentos de acuerdo con la orden y/o instruccion medica?);";
CIRUGIA;COORDINADOR(A) CENTRAL DE ESTERILIZACION-CIRUGIA;¿Mantiene material esteril suficiente para las necesidades de la institucion?;¿Asegura que el material se ha procesado de acuerdo con lo establecido, incluyendo los controles durante el proceso y asegurar estricto cumplimiento?;¿Asesora el departamento de compras en la seleccion de insumos y equipos para la central de esterilizacion?,;¿Evalua los registros de los procesos de esterilizacion y realiza su analisis estadistico?,;"¿Asegura que se efectuen las validaciones correspondientes a los equipos y procesos de esterilizacion?);";
CIRUGIA;COORDINADORA DE CIRUGIA-CIRUGIA;¿Planifica, supervisa y evalua los cuidados de enfermeria en el servicio?;¿Coordina y lidera los procesos administrativos y asistenciales del servicio a cargo?;¿Supervisa el cumplimiento de las normas, procedimientos y politicas definidas del area?,;¿Realiza seguimiento a la ejecucion adecuada de las funciones, tareas y actividades propias del personal a cargo?,;"¿Administra el talento humano, los recursos fisicos y materiales del area?);";
CIRUGIA;COORDINADORA INSTRUMENTACION QUIRURGICA-CIRUGIA;¿Realiza la debida preparacion y alistamiento del instrumental, material y elementos para las respectivas acciones quirurgicas y efectuar su control?;¿Garantiza el manejo y control del instrumental, material y demas elementos durante y despues de realizar las diferentes acciones quirurgicas?;¿Elabora la agenda de las instrumentadoras, garantizando el debido cubrimiento del personal en todas las salas y en todos los horarios segun la necesidad que se tenga?,;¿Conserva tecnicamente ordenados y administrados los equipos e instrumentos en salas de cirugia?,;"¿Asiste al medico cirujano en los actos quirurgicos correspondientes?);";
CIRUGIA;ENFERMERO(A) PROFESIONAL-CIRUGIA;¿Administra y supervisa las actividades asistenciales de enfermeria en el servicio asignado?;¿Recibe y entrega el turno paciente por paciente, revision de novedades y de los dispositivos medicos?;¿Organiza el equipo de trabajo auxiliar de acuerdo con las necesidades del Servicio?,;¿Delega funciones al personal auxiliar a cargo y supervisa el cumplimiento de las mismas?,;"¿Participar activamente en la revista medica del servicio?);";
CIRUGIA;INSTRUMENTADORA QUIRURGICA-CIRUGIA;¿Realiza la debida preparacion y alistamiento del instrumental, material y elementos para las respectivas acciones quirurgicas y efectua su control?;¿Garantiza el manejo y control del instrumental, material y demas elementos durante y despues de realizar las diferentes acciones quirurgicas?;¿Conserva tecnicamente ordenados y administrados los equipos e instrumentos en salas de cirugia?,;¿Asiste al medico cirujano en los actos quirurgicos correspondientes?,;"¿Brinda soporte asistencial al cirujano en los procedimientos quirurgicos especificos y especializados?);";
CIRUGIA;JEFE PROGRAMACION DE CIRUGIA-CIRUGIA;¿Recepciona las solicitudes de cirugia para asignacion de fecha segun disponibilidad de agenda quirurgica?;¿Verifica paquete del usuario (autorizacion vigente, valoracion preanestesica, laboratorios, solicitud de instrumental o insumos)?;¿Coordina y revisa las agendas flexibles de los especialistas para agendar pacientes represados sin programacion al momento?,;¿Implementa la boleta de programacion de cirugia y actualiza el sistema?,;"¿Revisa y verifica a diario la estadistica del servicio en el sistema e informa al area correspondiente?);";
CIRUGIA;MEDICO GENERAL-CIRUGIA;Atender de manera diligente los pacientes del Servicio de Cirugia. ;Conocer y aplicar las guias de manejo universales y las de la Institucion en el diagnostico y tratamiento de las patologias mas comunes y definidas. ;Brindar atencion integral al paciente, dentro del marco cientifico y social establecido por el direccionamiento estrategico de la Institucion. ;Evaluar de manera oportuna al paciente, para establecer un plan de manejo acorde con su patologia, estableciendo un diagnostico presuntivo o definitivo y definiendo el tratamiento acorde inmediato. ;Determinar un plan de tratamiento acorde con el diagnostico establecido, ceñido a las guias de manejo universales, normativas e Institucionales. ;
COMPRAS;ASISTENTE DE COMPRAS-COMPRAS; Recibir del area de cirugia las solicitudes de material de ortopedia de pacientes ambulatorios y hospitalizados para gestionar ante las diferentes entidades las respectivas autorizaciones. ; Coordinar con las diferentes casas ortopedicas el oportuno suministro de los materiales de ortopedia. ;Registrar en el sistema las transacciones concernientes al ingreso y causacion de facturas. ; Tramitar solicitudes de anticipo o caja menor para compras. ;Realizar tramites administrativos inherentes al proceso de compras. ;
COMPRAS;AUXILIAR ADMINISTRATIVO-COMPRAS;Realizar en el sistema las transacciones concernientes al ingreso, salida y traslado de productos, equipos o materiales del area. ;Ejecutar la gestion administrativa y logistica para el desarrollo de las actividades del area. ;Recibir las facturas del area y verificar que lo facturado corresponda a lo solicitado. ;Elaborar el reporte pertinente en los casos de devolucion de mercancia, materiales u otros elementos. ;Mantener actualizado el inventario fisico y sistematico validando la coherencia entre estos. ;
COMPRAS;COORDINADOR DE COMPRAS-COMPRAS;¿Coordina los procesos administrativos y operativos del area de Almacen y Compras?;¿Supervisa el cumplimiento de las normas, procedimientos y politicas definidas en el Servicio?;¿Realiza seguimiento a la ejecucion adecuada de las funciones, tareas y actividades propias del personal a cargo y administrar el talento humano, los recursos fisicos y materiales del area?,;¿Supervisa que los pedidos de insumos, materiales, equipos y demas recursos solicitados sean acordes a los lineamientos que exigen las politicas de calidad de la Institucion?,;"¿Garantiza el cumplimiento de los objetivos e indicadores de gestion de la dependencia?);";
CONSULTA PRIORITARIA;AUXILIAR DE ENFERMERIA-CONSULTA PRIORITARIA;Realizar los procedimientos necesarios de enfermeria de acuerdo con su competencia, proporcionando bienestar al paciente y brindando un servicio amable, oportuno y cordial. ;Velar por el cuidado y buen funcionamiento de los equipos asignados en el servicio. ;Realizar la toma de signos vitales y proporcionar los cuidados basicos a los pacientes. ;Conocer y aplicar las guias, procedimientos y protocolos del servicio. ;Realizar procedimientos de venopunciones ordenadas por el medico ;
CONSULTA PRIORITARIA;JEFE ADMINISTRATIVA-CONSULTA PRIORITARIA;Coordinar y liderar los procesos administrativos y asistenciales del servicio a cargo. ;Realizar seguimiento a la ejecucion adecuada de las funciones, tareas y actividades propias del personal a cargo. ;Administrar el talento humano y los recursos fisicos del area. ;Supervisar el cumplimiento de los procesos, procedimientos y politicas definidas del area. ; Garantizar el cumplimiento de los objetivos e indicadores de gestion de la dependencia. ;
CONSULTA PRIORITARIA;MEDICO GENERAL-CONSULTA PRIORITARIA;Atender de manera diligente los pacientes del Servicio Ambulatorio.;Establecer el diagnostico y definir la conducta de tratamiento inmediato.;Conocer y aplicar las guias de manejo universales y las de la Institucion en el diagnostico y tratamiento de las patologias mas comunes y definidas.;Brindar atencion integral al paciente, dentro del marco cientifico y social establecido por el direccionamiento estrategico de la Institucion.;Evaluar de manera oportuna al paciente, para establecer un plan de manejo acorde con su patologia, estableciendo un diagnostico presuntivo o definitivo y definiendo el tratamiento acorde inmediato.;
CONTABILIDAD;AUXILIAR DE CONTABILIDAD-CONTABILIDAD;¿Recibe documentos y la informacion respectiva, para realizar el procedimiento legal contable?;¿Clasifica y tramita las facturas, cuentas contables y demas documentos inherentes al proceso de contabilizacion?;¿Revisa las diferentes facturas debidamente causadas?,;¿Realiza el procedimiento de archivo de los documentos y/o informacion contable procesada?,;"¿Elabora informes contables de acuerdo con los requerimientos y solicitudes de su jefe inmediato?);";
CONTABILIDAD;JEFE DEPARTAMENTO CONTABILIDAD-CONTABILIDAD;¿Coordina y lidera los procesos contables del servicio a cargo?;¿Supervisa el cumplimiento de los procesos, procedimientos y politicas definidas del area?;¿Administra el talento humano, los recursos fisicos y materiales del area?,;¿Realiza seguimiento a la ejecucion adecuada de las funciones, tareas y actividades propias del personal a cargo?,;"¿Garantiza el cumplimiento de los objetivos e indicadores de gestion de la dependencia?);";
CONTABILIDAD;LIDER DE CONTABILIDAD-CONTABILIDAD;¿Verifica y audita la pertinencia y aprobacion de la informacion y documentos contables?;¿Analiza y valida los procedimientos contables?;¿Brinda apoyo en la consolidacion de informacion y el analisis de los estados financieros?,;¿Genera informacion financiera y contable pertinente para los cierres contables?,;"¿Consolida la informacion y preparacion de los estados financieros?);";
COSTOS Y ESTADISTICA;ANALISTA DE LIQUIDACION Y AUDITORIA DE CUENTAS MEDICAS-COSTOS Y ESTADISTICA;Revision y control de contratacion medica con diferentes entidades en las que estos prestan sus servicios;Recepcion y organizacion de papeleria por especialista;Analisis de cuentas de especialistas,;Liquidacion mensual y asignacion de valores correspondientes a cada evento realizado,;Verificar que los servicios pagados a los funcionarios esten debidamente liquidados por el area de facturacion, para asi poder emitir reportes precisos,;
DIRECCION JURIDICA;DIRECTOR JURIDICO-DIRECCION JURIDICA;¿Brinda efectiva asesoria en asuntos normativos, legales y administrativos de su competencia y conceptua cuando se requiera sobre dichos asuntos?;¿Ejerce conforme a las directrices de la Gerencia General, la representacion legal y/o juridica de la entidad?;¿Elabora, revisa y aprueba los convenios y contratos administrativos de caracter civil y comercial?,;¿Elabora, revisa y aprueba las resoluciones, actas y otros documentos legales que le sean encargados?,;"¿Atiende y verifica los requerimientos de informacion de los diferentes entes de control externo que sean de su competencia?);";
DIRECCION MEDICA;ASISTENTE DE DIRECCION MEDICA-DIRECCION MEDICA;¿Organiza la agenda del Director(a) Medico de acuerdo con las necesidades del mismo?;¿Realiza la confirmacion de los participantes a las diferentes reuniones pactadas por el Director(a) Medico?;¿Presta y brinda apoyo en las labores administrativas inherentes a la Direccion Medica?,;¿Recibe y atiende a los diferentes visitantes que solicitan al Director(a) Medico?,;"¿Maneja diariamente agenda del Director(a) Medico, atendiendo modificaciones, programando comites y reuniones que sean necesarias segun recomendaciones de la misma Direccion?);";
DIRECCION MEDICA;DIRECTORA MEDICO-DIRECCION MEDICA;¿Proyecta la planeacion y la prestacion del servicio de acuerdo con el plan estrategico y los lineamientos legales para todos los procesos asistenciales de la Institucion?;¿Dirige la prestacion de los servicios de salud coordinando y evaluando el personal asistencial garantizando la calidad de los procedimientos de acuerdo con las politicas de la Institucion?;¿Realiza el proceso de control a la planeacion del servicio asistencial con el fin de establecer acciones de mejoramiento continuo?,;¿Dirige y controla el cumplimiento y mejora de los procesos administrativos y asistenciales de la Institucion?,;"¿Coordina el Comite Cientifico el cual se citara a necesidad de la Institucion?);";
DIRECCION MEDICA;MEDICO AUDITOR-DIRECCION MEDICA;¿Realiza auditoria concurrente en los diferentes servicios asistenciales de la Institucion (Hospitalizacion, Urgencias, UCI, Cirugia y Servicios Ambulatorios)?;¿Evalua la calidad, oportunidad y pertinencia de los servicios medicos asistenciales?;¿Evalua y documenta la adherencia a guias medicas de acuerdo al perfil epidemiologico de cada area?,;¿Aporta al mejoramiento continuo de los procesos en la Institucion?,;"¿Audita los casos especificos que sugieren deficiencia en la prestacion de algun servicio?);";
DIRECCION MEDICA;SUBDIRECTOR(A) MEDICA-DIRECCION MEDICA;;;;;;
DIRECCION MEDICA;TRABAJADOR(A) SOCIAL-DIRECCION MEDICA;¿Apoya el SIAU - Servicio de Informacion y Atencion al Usuario, PQRS-F y Encuesta de Satisfaccion?;¿Asegura con el grupo de SIAU la revision y realizacion de respuesta y seguimiento a PQRS-F?;¿Interviene y da apoyo psicosocial a interrupciones voluntaria de embarazo, estancias prolongadas, victimas de todo tipo de violencia, abandono de menores con vulneracion de derechos y demas casos que se consideren necesaria su intervencion?,;¿Realiza ronda diaria, manteniendo una comunicacion continua y efectiva con diferentes especialistas, todo el personal de salud de los diferentes servicios y area de referencia y Contrareferencia, con el objetivo de mantener alerta de los posibles casos que requieran su intervencion?,;"¿Revisa y realiza seguimiento a las respuestas de PQR a las EPS?);";
EPIDEMIOLOGIA;AUXILIAR ADMINISTRATIVO-EPIDEMIOLOGIA;Brindar apoyo operativo en los procesos del departamento requeridos por el medico epidemiologo y/o enfermera Epidemiologa. ;Atender las solicitudes y requerimientos de informacion de la institucion, los entes de control y Entidades Administradoras de Planes de Beneficios. ;Garantizar stock de medicamentos para enfermedades de interes en salud publica en la institucion. ;Recolectar datos para informes y/o comites  ;Realizar el inventario de los medicamentos de enfermedades de interes en salud publica, incluyendo vacunas y sueros, dos veces por semana. Lunes y viernes o martes cuando es lunes festivo. ;
EPIDEMIOLOGIA;AUXILIAR DE ENFERMERIA-EPIDEMIOLOGIA;¿Vigila los procesos de lavado de manos, limpieza y desinfeccion, y aislamiento para evaluacion de riesgo de infecciones cruzadas?;¿Realiza la consolidacion de la informacion recolectada durante las rondas de vigilancia en los procesos de lavado de manos, limpieza y desinfeccion, y aislamiento?;¿Ejecuta los programas asociados a los procesos de adherencia de lavado de manos?,;¿Realiza los instructivos para la aplicacion de los procesos segun el protocolo y los cambios realizados?,;"¿Audita las fichas de notificacion de eventos de interes en salud publica para verificar la adherencia a las guias y protocolos de INS por parte del personal medico?);";
EPIDEMIOLOGIA;AUXILIAR DE ESTADISTICA-EPIDEMIOLOGIA;¿Audita, verifica, corrige y/o gestiona la enmienda de datos importantes en los certificados que registren hechos vitales de la institucion a la plataforma del Registro unico de Afiliados (RUAF), como a la Secretaria Local de Salud (SLS)?;¿Atiende las solicitudes y requerimientos de informacion de La Institucion, Organismos de Control, EPS y/o Aseguradoras?;¿Brinda soporte operativo en los procesos asignados por los profesionales del area?,;¿Gestiona, entrega y garantiza el stock de los certificados de hechos vitales en cada servicio de la Institucion?,;"¿Genera estadisticas sobre los hechos vitales de La Institucion para la presentacion en Comites Institucionales?);";
EPIDEMIOLOGIA;COORDINADOR(A) EPIDEMIOLOGIA-EPIDEMIOLOGIA;¿Analiza, procesa y presenta informacion a los diferentes Comites institucionales y del ente rector, sobre el perfil epidemiologico de las principales enfermedades que generan morbimortalidad en la poblacion y genera propuestas de intervencion en enfermedades de interes en Salud Publica e Infecciones Asociadas a la Atencion en Salud (IAAS) y estadisticas vitales?;¿Coordina y lidera los procesos administrativos y asistenciales del servicio a cargo?;¿Supervisa el cumplimiento de las normas, procedimientos y politicas definidas del area?,;¿Establece la unidad de analisis de casos centinela, reportarla y sustentarla ante el Comite Institucional y la Secretaria Local de Salud (SLS)?,;"¿Vigilar, controlar, apoyar y notificar diariamente la identificacion de enfermedades de salud publica?);";
FACTURACION;ASISTENTE DE FACTURACION-FACTURACION;¿Organiza los soportes pertinentes para emitir las diferentes facturas?;¿Registra las facturas teniendo en cuenta su grado de complejidad?;¿Genera reportes de facturacion de acuerdo con la instruccion del jefe inmediato?,;¿Factura los diferentes servicios prestados por la Institucion?,;"¿Recibe las historias clinicas del servicio de hospitalizacion para realizar la respectiva facturacion?);";
FACTURACION;AUXILIAR DE FACTURACION-FACTURACION;¿Revisa, organiza y registra los documentos pertinentes para el procedimiento de facturacion respectiva?;¿Imprime los diferentes documentos necesarios para soportar la facturacion a realizar?;¿Organiza las facturas elaboradas de acuerdo con el procedimiento establecido en el area?,;¿Asegura la facturacion de los documentos y soportes recibidos en el area?,;"¿Revisa las ordenes medicas del paciente validando las tarifas y la EPS donde se encuentra afiliado para la respectiva facturacion de los servicios prestados?);";
FACTURACION;COORDINADOR(A) DE FACTURACION-FACTURACION;¿Crea y parametriza codigos de servicios y contratos en el sistema?;¿Analiza la facturacion que se realiza por entidades?;¿Coordina y lidera los procesos administrativos del area a cargo?,;¿Supervisa el cumplimiento de los procesos, procedimientos y politicas definidas del area?,;"¿Realiza seguimiento a la ejecucion adecuada de las funciones, tareas y actividades propias del personal a cargo?);";
FACTURACION;TECNICO DE FACTURACION-FACTURACION;¿Organiza los soportes pertinentes para emitir las diferentes facturas?;¿Registra las facturas teniendo en cuenta su grado de complejidad?;¿Genera reportes de facturacion de acuerdo con la instruccion del jefe inmediato?,;¿Factura los diferentes servicios prestados por la Institucion?,;"¿Recibe las historias clinicas del servicio de hospitalizacion para realizar la respectiva facturacion?);";
FARMACOVIGILANCIA;AUXILIAR DE FARMACIA-FARMACOVIGILANCIA;¿Dispensa los medicamentos, dispositivos medicos y alimentos de la farmacia?;¿Recepciona tecnica de nutriciones parenterales?;¿Almacena de manera correcta los medicamentos, dispositivos medicos y alimentos segun las normas de conservacion?,;¿Ejerce control en los inventarios mensualmente?,;"¿Recibe devoluciones de medicamentos, dispositivos medicos y alimentos, verificando la integridad del empaque y afectando la cuenta de paciente?);";
FARMACOVIGILANCIA;JEFE DEPARTAMENTO FARMACOVIGILANCIA-FARMACOVIGILANCIA;¿Implementa y actualiza el programa de Farmacovigilancia de la Institucion?;¿Coordina y lidera los procesos administrativos del area a cargo?,;¿Participa en los comites que traten temas relacionados con el manejo de medicamentos y dispositivos medicos en la entidad?,;¿Supervisa el cumplimiento de los procesos, procedimientos y politicas definidas del area?,;"¿Realiza seguimiento a la ejecucion adecuada de las funciones, tareas y actividades propias del personal a cargo?);";
FARMACOVIGILANCIA;REGENTE-FARMACOVIGILANCIA;¿Brinda apoyo al Jefe de Farmacovigilancia en los procesos farmaceuticos de un grado de complejidad alto?;¿Apoya en la logistica del desarrollo de las actividades inherentes al proceso de elaboracion, distribucion y facturacion de Nutriciones Parenterales?,;¿Da apoyo logistico en el desarrollo de las actividades de Farmacovigilancia de la Institucion?,;¿Apoya en el desarrollo de las actividades de Tecnovigilancia de la Institucion?,;"¿Dar apoyo logistico en el desarrollo de las actividades inherentes a la preparacion de medicamentos en dosis unitario?);";
GERENCIA GENERAL;ASISTENTE DE GERENCIA-GERENCIA GENERAL;¿Organiza la agenda del Gerente General de acuerdo con las necesidades del mismo?;¿Realiza la confirmacion de los participantes a las diferentes reuniones pactadas por el Gerente General?,;¿Presta y brinda apoyo en las labores administrativas inherentes a la Gerencia General?,;¿Recibe y atiende a los diferentes visitantes que solicitan al Gerente General?,;"¿Maneja diariamente agenda del Gerente General, atendiendo modificaciones, programando comites y reuniones que sean necesarias segun recomendaciones de la misma Gerencia?);";
GERENCIA GENERAL;DIRECTOR ADMINISTRATIVO Y FINANCIERO-GERENCIA GENERAL;Dirigir el presupuesto controlando que los aspectos financieros esten alineados con las estrategias de la Institucion. ;Evaluar, coordinar y controlar la adquisicion de equipos, elementos y bienes necesarios para la operacion Institucional. ; Realizar la gestion comercial pertinente garantizando la consecucion de recursos para ejecutar los programas y proyectos de la Institucion. ; Implementar los procedimientos contables y financieros necesarios para el cumplimiento de los objetivos y metas Institucionales teniendo en cuenta la normatividad vigente. ;Evaluar proyectos y oportunidades de negocio midiendo el impacto financiero para Institucion. ;
GERENCIA GENERAL;GERENTE GENERAL-GERENCIA GENERAL;¿Diseña y propone estrategias comerciales y administrativas que proporcionen crecimiento a la Institucion?;¿Presenta propuestas de mejora y desarrollo a la Junta Directiva?,;¿Planea y realiza reuniones con las demas gerencias y directivos para tratar temas comerciales, financieros y administrativos?,;¿Gestiona y controla el presupuesto Institucional garantizando la adecuada operacion de los servicios y dependencias?,;"¿Garantiza los recursos necesarios para el desarrollo de las actividades del Sistema de Gestion de Seguridad y Salud en el Trabajo?);";
GESTION AL USUARIO;ASISTENTE DE GESTION AL USUARIO-GESTION AL USUARIO;¿Atiende y gestiona oportunamente las diferentes peticiones, inquietudes, quejas y reclamos de los usuarios?;¿Atende el tramite de los documentos de procesos concernientes a la Atencion al Cliente?,;¿Aplica y tabula las encuestas de satisfaccion del cliente?,;¿Presenta informes de acuerdo con los requerimientos del area?,;"¿Procesa la informacion de acuerdo con las politicas y normas establecidas en el area, definidas por la Institucion?);";
GESTION DE CALIDAD;ANALISTA DE CALIDAD-GESTION DE CALIDAD;¿Consolida, procesa y estructura informacion de los servicios?;¿Diseña y utiliza metodos, tecnicas y herramientas adecuadas para el desarrollo y coordinacion de los procesos de recoleccion de datos, en los diferentes servicios?,;¿Elabora y manejo de indicadores y estadisticas solicitados por el jefe inmediato?,;¿Optimiza procesos en cuanto a la recoleccion de informacion de las areas asistenciales?,;"¿Apoya en la toma de decisiones de la direccion de calidad mediante la presentacion de informes requeridos en tiempos determinados?);";
GESTION DE CALIDAD;COORDINADORA DE CALIDAD-GESTION DE CALIDAD;¿Asesora, dirige y controla lo pertinente a la implementacion del Sistema de Gestion de Calidad en las diferentes areas de la institucion?;"¿Gestiona y promueve en la clinica el cumplimiento del Sistema Obligatorio de Garantia de la Calidad en Salud para una adecuada prestacion de servicios generando propuestas de mejoramiento; Sistema unico de Habilitacion, Sistema de Informacion, Programa de Auditoria para el Mejoramiento Continuo de la Calidad en la Atencion en Salud (PAMEC) y Sistema de acreditacion?,";¿Proyecta y propone a la Gerencia, politicas, estrategias, directrices, planes, programas y proyectos orientados a consolidar una cultura de calidad y seguridad del paciente en la prestacion de los servicios?,;¿Realiza seguimiento al cumplimiento de los procesos de Calidad?,;"¿Implementa un plan y/o programa para las acciones de mejora en los procesos?);";
GESTION DE CALIDAD;ENFERMERA ESPECIALIZADA-GESTION DE CALIDAD;¿Planea, programa y ejecuta auditoria de calidad y de requisitos minimos de habilitacion de acuerdo a la normatividad vigente en las diferentes areas de la Institucion y contratos con aliados externos?;¿Realiza auditorias internas y externas que apliquen el cumplimiento de la normatividad vigente de acuerdo al cronograma establecido a inicio de año y presenta informe al coordinador del departamento sobre la auditoria realizada?,;¿Realiza el seguimiento al plan de mejoramiento dejado durante la auditoria establecida por cronograma las veces que se requiera?,;¿Realiza la presentacion a los respectivos servicios de los hallazgos encontrados durante las auditorias y hace seguimiento al plan de mejora propuesto y su cumplimiento?,;"¿Capacita al personal sobre la normatividad vigente y las necesarias para alcanzar los objetivos de la organizacion?);";
GESTION DOCUMENTAL;AUXILIAR DE ARCHIVO-GESTION DOCUMENTAL;¿Busca y archiva Historias Clinicas para atencion de pacientes en el servicio de consulta externa general y especializada?;¿Abre carpetas de Historias Clinicas nuevas marcandolas de acuerdo con la normatividad vigente?,;¿Traslada del archivo activo las Historias Clinicas que han perdido vigencia por edad para que hagan parte del archivo pasivo?,;¿Facilita las Historias Clinicas para los comites?,;"¿Lleva las historias clinicas a los diferentes consultorios para la atencion de los pacientes?);";
GESTION DOCUMENTAL;COORDINADOR(A) DE ARCHIVO-GESTION DOCUMENTAL;¿Supervisa la recepcion, revision, almacenamiento y disposicion de toda la documentacion generada por la actividad de los diferentes procesos de la organizacion?;¿Garantiza la clasificacion, orden y custodia adecuada de los documentos generados por la organizacion?,;¿Elabora y ejecuta tablas de retencion documental para la conservacion, preservacion y eliminacion de la documentacion que ingresa al Archivo, conforme a las normativas legales y administrativas vigentes?,;¿Prepara y formula objetivos, planes, politicas, programas de trabajo, presupuestos, informes estadisticos, proyectos, determinacion de recursos y otros concernientes al area?,;"¿Vela por el adecuado tratamiento del acervo documental de acuerdo con las regulaciones, normas y tecnicas existentes?);";
GESTION OPERATIVA;AUXILIAR DE GESTION AL USUARIO-GESTION OPERATIVA;¿Atiende y orienta las solicitudes e inquietudes de los usuarios a nivel presencial como telefonicamente?;¿Atiende el tramite de los documentos de procesos concernientes a la Atencion al Cliente?,;¿Atiende, gestiona y realiza seguimiento oportunamente a las diferentes peticiones, inquietudes, quejas y reclamos de los usuarios?,;¿Entrega, aplica y tabula las encuestas de satisfaccion del cliente, entrega de deberes y derechos en los diferentes servicios?,;"¿Presenta informes de acuerdo con los requerimientos del area?);";
GESTION OPERATIVA;AUXILIAR DE MANTENIMIENTO-GESTION OPERATIVA;¿Brinda apoyo en la instalacion de materiales de construccion requeridos para las mejoras de las instalaciones fisicas de la Institucion?;¿Brinda soporte a las reparaciones y arreglos en las instalaciones de la Institucion teniendo en cuenta las instrucciones de su jefe inmediato?,;¿Colabora en la debida preparacion de los insumos de construccion para las actividades pertinentes de mantenimiento?,;¿Opera segun los protocolos los equipos y herramientas necesarias para llevar a cabo las reparaciones y/o arreglos locativos?,;"¿Informa oportunamente a su jefe inmediato las novedades y/o anomalias presentadas en la infraestructura fisica de la Institucion?);";
GESTION OPERATIVA;AUXILIAR DE OBRA-GESTION OPERATIVA;¿Hace la respectiva demolicion de paredes divisorias y techos?;¿Realiza ampliacion de redes de alcantarillado?,;¿Hace alistamiento de pisos y enchape?,;¿Realiza excavacion de zapatas?,;"¿Fabrica cajas de inspeccion sanitarias?);";
GESTION OPERATIVA;AUXILIAR ELECTRICO-GESTION OPERATIVA;¿Revisa diariamente la planta electrica y Apoya en los MTO de las UPS?;¿Ejecuta las solicitudes de mantenimiento, Electricidad (interruptores, lamparas tomas electricas, iluminacion, conexiones electricas, revision de planta electrica y nivel de combustible y aceite, ¿fusibles) y otros?,;¿Apoya y ejecuta labores de instalaciones electricas en las diferentes areas de la clinica?,;¿Cumple con los turnos de disponibilidad los fines de semana de acuerdo con el cronograma de asignaciones?,;"¿Apoya en la instalacion de acometidas electricas principales y en la instalacion de tableros de red normal y regulada?);";
GESTION OPERATIVA;COORDINADOR GESTION AL USUARIO-GESTION OPERATIVA;¿Brinda solucion a las reclamaciones de los usuarios y/o pacientes contribuyendo a la satisfaccion de los mismos y desarrollar planes de mejora?;¿Supervisa el cumplimiento de las normas, procedimientos y politicas definidas del area?,;¿Lidera y promueve la respuesta oportuna a las peticiones, reclamos y sugerencias de los usuarios y/o pacientes?,;¿Garantiza el cumplimiento de los objetivos e indicadores de gestion de la dependencia?,;"¿Realiza seguimiento a la ejecucion adecuada de las funciones, tareas y actividades propias del personal a cargo?);";
GESTION OPERATIVA;JEFE DE GESTION OPERATIVA-GESTION OPERATIVA;¿Analiza las situaciones de riesgo y planifica y programa las actuaciones precisas para implantar y llevar a cabo los servicios de seguridad en la institucion?;¿Coordina, organiza y supervisa el funcionamiento de los/las orientadores y los sistemas de seguridad de la institucion?,;¿Propone las medidas adecuadas para arreglar las deficiencias que identifican los orientadores en relacion con el servicio que prestan?,;¿Asegura la colaboracion de los servicios de seguridad con los de las dependencias correspondientes de las fuerzas y cuerpos de seguridad (Policia Nacional, Guardia Civil, Policia Autonomica y Policia Local)?,;"¿Vela por el cumplimiento de la normativa de seguridad obligatoria en la institucion?);";
GESTION OPERATIVA;LIDER DE PROCESOS INFRAESTRUCTURA-GESTION OPERATIVA;¿Elabora cronograma anual para el MTO preventivo de equipos e infraestructura?;¿Controla el inventario de herramientas e insumos del area de infraestructura?,;¿Apoya en el diseño de planos arquitectonicos?,;¿Elabora, documenta y estandariza los procesos y procedimientos del area de infraestructura?,;"¿Lidera todas las actividades relacionadas con el area electrica?);";
GESTION OPERATIVA;LIDER TECNICO DE INFRAESTRUCTURA-GESTION OPERATIVA;¿Coordina el equipo de soporte tecnico de los mecanismos refrigerantes y/o aires acondicionados, electricos teniendo en cuenta los programas de mantenimiento preventivo y correctivo?;¿Ejerce supervision de los sistemas de aire acondicionado asegurando los parametros y funcionalidad de los equipos y su programacion al mismo tiempo que la implementacion de ahorradores de consumo y detecciones de incendio de la institucion?,;¿Coordina de manera proactiva con responsabilidad las diversas actividades emergentes de los proyectos?,;¿Gestiona y promueve las buenas practicas para el trabajo seguro en alturas?,;"¿Diseña y adecua la infraestructura, de acuerdo con los requerimientos de la directriz?);";
GESTION OPERATIVA;MAESTRO DE OBRA-GESTION OPERATIVA;¿Da ejemplo de responsabilidad y respeto a sus superiores?;¿Lidera personal de obra?,;¿Dirige toda la obra hasta su finalizacion?,;¿Controla adecuadamente los recursos de la institucion?,;"¿Verifica que los materiales entren a la obra?);";
GESTION OPERATIVA;OFICIAL DE OBRA-GESTION OPERATIVA;¿Realiza las obras obras asignadas en los tiempos establecidos?;¿Levanta estructuras de concreto?,;¿Hace demolicion de paredes divisorias y techos?,;¿Hace ampliacion de redes de alcantarillado?,;"¿Realiza alistamiento de pisos y enchape?);";
GESTION OPERATIVA;ORIENTADOR-GESTION OPERATIVA;¿Brinda soporte en la orientacion y atencion a las inquietudes y/o necesidades de los usuarios, pacientes, familiares y acompañantes que ingresan a la Institucion?;¿Colabora con el direccionamiento de los pacientes y/o usuarios que requieran un servicio especifico?,;¿Apoya en las solicitudes y requerimientos del personal de la Institucion?,;¿Controla la entrada y salida de visitantes, usuarios y personal de la clinica?,;"¿Promueve la seguridad de la Institucion y realizar rondas en las entradas principales, oficinas y demas areas?);";
HEMODINAMIA;AUXILIAR DE ENFERMERIA-HEMODINAMIA;Verificar la documentacion y estado del usuario e informar si existe alguna novedad. ;Recibir y organizar paciente ambulatorio con bata.  ;Canalizar y explicar procedimiento a todos los pacientes.  ;Hacer firmar el consentimiento informado, atencion inicial y hoja de facturacion. ;Monitorear pacientes antes y despues del procedimiento. ;
HEMODINAMIA;ENFERMERO(A) PROFESIONAL-HEMODINAMIA;Verificar la documentacion y estado del usuario e informar si existe alguna novedad. ;Recibir y organizar paciente ambulatorio con bata.  ;Canalizar y explicar procedimiento a todos los pacientes.  ;Hacer firmar el consentimiento informado, atencion inicial y hoja de facturacion. ;Monitorear pacientes antes y despues del procedimiento.  ;
HEMODINAMIA;MEDICO GENERAL-HEMODINAMIA;Realizar el ingreso del paciente hospitalizado procedente de la clinica y ambulatorio al servicio de Hemodinamia. ;Atender de manera diligente los pacientes del servicio de Hemodinamia.  ;Establecer el diagnostico y definir la conducta de tratamiento inmediato. ;Conocer y aplicar las guias de manejo universal, de normatividad y las de la Institucion en el diagnostico y tratamiento de las patologias inherentes al servicio. ;Revision de historia clinica de cada uno de los pacientes programados e informar al especialista los casos en los que el paciente tenga alguna condicion especial para la realizacion o no del procedimiento. ;
HEMODINAMIA;TECNOLOGO EN RADIOLOGIA E IMAGENOLOGIA-HEMODINAMIA;Manipular los equipos durante los procedimientos;Verificar y desocupar humidificadores.  ;Diligenciar formatos de humedad y temperatura.  ;Realizar pruebas al equipo (Angiografo) antes de realizar jornada. ;Verificar pacientes e inscribirlos en el equipo al inicio de la jornada. ;
HOSPITALIZACION;AUXILIAR DE ENFERMERIA-HOSPITALIZACION;Realizar los procedimientos necesarios de enfermeria de acuerdo con su competencia, proporcionando bienestar al paciente y brindando un servicio amable, oportuno y cordial. ;Velar por el cuidado y buen funcionamiento de los equipos asignados en el servicio. ;Realizar la toma de signos vitales y proporcionar los cuidados basicos a los pacientes. ;Realizar el procedimiento de venopuncion y administrar los medicamentos de acuerdo con la orden y/o instruccion medica bajo supervision de la enfermera del servicio. ;Cumplir de manera estricta las guias, protocolos y procedimientos que se encuentran en el Sistema de Gestion de Calidad (SGC). ;
HOSPITALIZACION;COORDINADOR MEDICO-HOSPITALIZACION;Coordinar y liderar los procesos administrativos y asistenciales del servicio a cargo. ;Supervisar el cumplimiento de los procesos, procedimientos y politicas definidas del area. ;Realizar seguimiento a la ejecucion adecuada de las funciones, tareas y actividades propias del personal a cargo. ;Administrar el talento humano, los recursos fisicos y materiales del area. ;Garantizar el cumplimiento de los objetivos e indicadores de gestion de la dependencia. ;
HOSPITALIZACION;COORDINADOR SERVICIOS ENFERMERIA-HOSPITALIZACION;¿Planea, organiza, dirige y controla el personal a su cargo, mediante el establecimiento de normas y comites que le permiten una excelente administracion y un optimo cuidado de enfermeria?;¿Planea, dirige y controla los procesos administrativos y asistenciales de los Servicios de Enfermeria?,;¿Supervisa el cumplimiento de las normas, procedimientos y politicas definidas del area?,;¿Realiza seguimiento a la ejecucion adecuada de las funciones, tareas y actividades propias del personal a cargo?,;"¿Administra el talento humano, los recursos fisicos y materiales del area?);";
HOSPITALIZACION;ENFERMERO(A) PROFESIONAL-HOSPITALIZACION;Administrar y supervisar las actividades asistenciales de enfermeria en el servicio asignado. ;Recibir y entregar el turno paciente por paciente, presentandose con el y realizando revision de novedades y de los dispositivos medicos. ;Organizar el equipo de trabajo auxiliar de acuerdo con las necesidades del Servicio. ;Delegar funciones al personal auxiliar a cargo. ;Participar activamente en la revista medica del servicio;
HOSPITALIZACION;FONOAUDILOGA-HOSPITALIZACION;¿Evalua las condiciones del paciente para determinar el diagnostico respectivo?;¿Diagnostica la alteracion que presenta el paciente a nivel fonoaudiologico?,;¿Interviene utilizando los procedimientos pertinentes orientados a la rehabilitacion del trastorno o patologia diagnosticada?,;¿Asesora al paciente, familiares y/o acompañantes sobre los programas de promocion y prevencion dando educacion que beneficien la salud del paciente?,;"¿Vela por la salud del paciente valorando su mejora continua y estabilidad?);";
HOSPITALIZACION;MEDICO GENERAL-HOSPITALIZACION;Atender de manera diligente los pacientes del Servicio de Hospitalizacion, incluido ginecologia y hospitalizacion torre de especialistas. ;Realizar acompañamiento en la revista de cambio de turno en todos los casos. ;Establecer el diagnostico y definir la conducta de tratamiento inmediato. ;Conocer y aplicar las guias de manejo universales y las de la Institucion en el diagnostico y tratamiento de las patologias mas comunes y definidas. ;Brindar atencion integral al paciente, dentro del marco cientifico y social establecido por el direccionamiento estrategico de la Institucion. ;
HOSPITALIZACION;NUTRICIONISTA-HOSPITALIZACION;¿Realiza la valoracion pertinente a los pacientes con el fin de asesorar la dieta nutricional adecuada?;¿Asesora programas de prevencion de enfermedades a traves de buenos habitos alimenticios?,;¿Brinda apoyo como asesor y consultor para otros servicios?,;¿Realiza la monitorizacion y el seguimiento nutricional y dietetico del paciente?,;"¿Realiza cada una de las actividades y procedimientos pertinentes a la especialidad que demanden los usuarios objeto de atencion de la Institucion?);";
HOSPITALIZACION;TERAPEUTA OCUPACIONAL-HOSPITALIZACION;Asistir a los pacientes que presentan disfuncionalidad ocupacional. ;Ejecutar la intervencion de su competencia para contribuir al diagnostico y tratamiento del paciente. ; Valorar pacientes y realizar los procedimientos pertinentes de terapia en los servicios de hospitalizacion, UCI adultos, UCI neonatal, Urgencias y Observacion ; Realizar seguimiento y monitoreo de su competencia en los pacientes. ;Prevenir disfunciones en el comportamiento ocupacional del individuo en cualquier etapa de la vida. ;
HOSPITALIZACION;TERAPEUTA RESPIRATORIA-HOSPITALIZACION;Asistir a los pacientes que presentan patologias pulmonares y cardiorrespiratorias que ingresan al Servicio. ; Ejecutar la intervencion de su competencia para contribuir al diagnostico y tratamiento de las patologias pulmonares. ;Valorar pacientes y realizar los procedimientos de terapia pertinentes. ; Realizar seguimiento y monitoreo de su competencia en los pacientes con estado critico. ; Recibir el turno paciente por paciente, con libro de entrega de turno verificando la condicion del paciente, tipo de ventilacion o aporte de oxigeno y reporte de gases en la respectiva hoja de registro  ;
JUNTA DIRECTIVA;ASISTENTE DE JUNTA DIRECTIVA-JUNTA DIRECTIVA;¿Coordina la organizacion de la Junta Directiva, comunica las convocatorias para las reuniones de la Junta Directiva y Asamblea y asiste a las mismas?;¿Coordina junto con el Presidente de la Junta Directiva y el Representante Legal la recoleccion de Informacion que ha de ser analizada por la Junta Directiva?,;¿Graba, elabora y redacta las actas de las sesiones de la Junta Directiva y Asamblea, asi misma custodia y conserva las mismas?,;¿Gestiona el cumplimiento de los compromisos adquiridos en las respectivas Juntas Directivas?,;"¿Comunica las decisiones de la Junta Directiva a los diferentes servicios y funcionarios de acuerdo a las ordenes impartidas?);";
JURIDICO;ABOGADO(A) CONTRATACION-JURIDICO;¿Asesora a las dependencias pertinentes sobre las generalidades y aspectos relevantes de la contratacion?;¿Analiza la informacion relacionada con nuevos proyectos o convenios contractuales?,;¿Atiende las solicitudes de los funcionarios respecto al cumplimiento de los contratos?,;¿Evalua los procesos de contratacion garantizando una estabilidad juridica en la Institucion?,;"¿Elabora y presenta a la Gerencia General informes de su competencia, cuando sean requeridos?);";
JURIDICO;ASISTENTE JURIDICO-JURIDICO;¿Revisa los procesos juridicos civiles, administrativos, laborales y penales requeridos por el area por sistema y en los despachos judiciales?;¿Efectua el tramite de los documentos legales segun instruccion de su superior?,;¿Proyecta documentos y comunicaciones concernientes del area, de acuerdo con los requerimientos del jefe Inmediato?,;¿Brinda informacion general de los procesos y tramitologia juridica ante la IPS de acuerdo con los requerimientos de su jefe inmediato?,;"¿Apoya en la recopilacion de los documentos necesarios para llevar a cabo un proceso legal?);";
JURIDICO;JEFE DE OFICINA  JURIDICA-JURIDICO;¿Coordina y supervisa los diferentes temas juridicos relacionados con los procesos de contratacion de servicios de salud, convenios de cooperacion y acuerdos interinstitucionales desarrollados por la correspondiente jefatura?;¿Coordina y supervisa la labor de los asesores externos respecto al estado y las acciones tomadas sobre los asuntos encargados?,;¿Presenta informes y conceptos de su competencia a la Gerencia General cuando esta lo requiera?,;¿Organiza y mantiene actualizado el archivo documental (relacionado con la sociedad, predios, procesos judiciales y administrativos) generado por la Direccion Juridica?,;"¿Brindar efectiva asesoria en asuntos normativos, legales y administrativos de su competencia y conceptua cuando se requiera sobre dichos asuntos?);";
LABORATORIO CLINICO;AUXILIAR ADMINISTRATIVO-LABORATORIO CLINICO;¿Radica y despacha oportunamente la correspondencia y demas documentos relacionados con el area?;¿Entrega a los servicios de UCI, Urgencias y Hospitalizacion los cuadros de turno de los bacteriologos?,;¿Realiza el embalaje y envio de muestras a laboratorios de referencia y Secretaria de Salud?,;¿Descarga y archiva resultados de THS Neonatales y examenes especializados?,;"¿Lleva un Kardex de los insumos cuando se van agotando para informar al jefe inmediato?);";
LABORATORIO CLINICO;AUXILIAR DE FACTURACION-LABORATORIO CLINICO;¿Verifica y factura los laboratorios de los pacientes de los diferentes servicios?;¿Asegura la facturacion de los documentos y soportes recibidos en el area?,;¿Verifica la documentacion completa del SOAT y reportes de ocurrencia?,;¿Organiza las facturas elaboradas de acuerdo con el procedimiento establecido en el area y entrega a la coordinadora para la radicacion de cuentas tales como consulta externa, accidentes labores e ingresos clinicos?,;"¿Revisa los cargos de atencion del paciente referente a laboratorios clinicos realizados con los ajustes correspondientes a la cuenta en caso de ser necesario?);";
LABORATORIO CLINICO;AUXILIAR DE LABORATORIO-LABORATORIO CLINICO;¿Recibe, clasifica y codifica las muestras biologicas y material para la recoleccion de muestra?;¿Selecciona y prepara el material para los diversos examenes?,;¿Extrae muestras de sangre y realiza montajes de muestras?,;¿Prepara y registra muestras biologicas, medio de cultivo y lamina para examen en fresco?,;"¿Registra y lleva el control de los materiales de laboratorio?);";
LABORATORIO CLINICO;BACTERIOLOGO(A)-LABORATORIO CLINICO;¿Planea y ejecuta la realizacion de los analisis de las diferentes areas del Laboratorio Clinico?;¿Ejecuta y aplica pruebas de control de calidad de los analisis clinicos?,;¿Consolida y reporta los datos estadisticos del Laboratorio Clinico?,;¿Realiza el control de calidad interno y externo de los analisis clinicos y productos sanguineos a fin de garantizar el cumplimiento de los requerimientos tecnicos de los procedimientos?,;"¿Reporta diariamente los resultados e informes que emite el Laboratorio en forma oportuna, asegurandose de que sean completos y exactos?);";
LABORATORIO CLINICO;COORDINADOR(A) DE BACTERIOLOGIA-LABORATORIO CLINICO;¿Dirige y coordina el trabajo del Laboratorio mediante mecanismos de planeacion y control que garanticen el cabal cumplimiento de las funciones?;¿Coordina y participa en la evaluacion de los diferentes servicios prestados por el Laboratorio?,;¿Supervisa las funciones que se establezcan para el personal del Laboratorio, tanto profesional como auxiliar?,;¿Establece indicadores para evaluar las diferentes areas del Laboratorio y servicios prestados por el personal del mismo?,;"¿Solicita a la dependencia correspondiente la adquisicion oportuna de los reactivos y suministros que requiere el laboratorio para su funcionamiento?);";
LIQUIDACION Y AUDITORIA DE CUENTAS MEDICAS;ASISTENTE DE LIQUIDACION Y AUDITORIA DE CUENTAS MEDICAS-LIQUIDACION Y AUDITORIA DE CUENTAS MEDICAS;Revision y control de contratacion medica con diferentes entidades en las que estos prestan sus servicios. ;Recepcion y organizacion de papeleria por especialista. ; Analisis de cuentas de especialistas. ; Liquidacion mensual y asignacion de valores correspondientes a cada evento realizado. ; Verificar que los servicios pagados a los funcionarios esten debidamente liquidados por el area de facturacion, para asi poder emitir reportes precisos. ;
LIQUIDACION Y AUDITORIA DE CUENTAS MEDICAS;AUXILIAR DE LIQUIDACION Y AUDITORIA CUENTAS MEDICAS-LIQUIDACION Y AUDITORIA DE CUENTAS MEDICAS;Revision y control de contratacion medica con diferentes entidades en las que estos prestan sus servicios. ;Recepcion y organizacion de papeleria por especialista. ; Analisis de cuentas de especialistas. ;Liquidacion mensual y asignacion de valores correspondientes a cada evento realizado. ;Verificar que los servicios pagados a los funcionarios esten debidamente liquidados por el area de facturacion, para asi poder emitir reportes precisos. ;
MERCADEO;JEFE DE MERCADEO-MERCADEO;¿Promociona y presenta los nuevos productos y servicios a nivel local, nacional e internacional?;¿Implementa estrategias de fidelizacion de los clientes (seguimiento de servicio al cliente: entrega de souvenir, llamadas Post-operatorios, cumpleaños, recordar su nueva cita de control, entre otras.)?,;¿Realiza la organizacion, promocion y ejecucion de los eventos empresariales de mercadeo, incluyendo ferias, congresos, simposio tanto nivel local, nacional como internacional?,;¿Comercializa y vende los eventos y capacitaciones dirigidos a usuarios y familiares?,;"¿Busca estrategias de comunicacion y relaciones publicas en la organizacion de eventos?);";
MERCADEO;PROFESIONAL DE COMERCIALIZACION-MERCADEO;¿Realiza estudios de mercado y cotizaciones, analizando los costos y presupuesto para la presentacion y revision de propuestas de servicios nuevos y existentes?;¿Lidera la construccion y elaboracion del manual tarifario de la institucion, teniendo en cuenta los requerimientos existentes?,;¿Adelanta estudios e investigaciones de la capacidad de oferta de los servicios de salud de la clinica, para identificar su participacion en el mercado del sector y atiende la demanda de servicios que presta la institucion?,;¿Implementa estrategias de mercadeo y promocion de servicios medico-asistenciales que ofrece la institucion para incrementar la venta de estos?,;"¿Participa en el diseño, organizacion, coordinacion, ejecucion y control de planes, programas, proyectos, con miras a optimizar la utilizacion de los recursos disponibles para el posicionamiento de la clinica en servicios de alta complejidad?);";
PLANEACION FINANCIERA;PLANEACION FINANCIERA-PLANEACION FINANCIERA;;;;;;
RADICACION;ASISTENTE DE RADICACION-RADICACION;¿Realiza seguimiento a la trazabilidad de las facturas?;¿Organiza los documentos que soportan las cuentas para realizar el proceso de armado?,;¿Brinda apoyo en procesos de mayor complejidad a la Coordinacion del area?,;¿Brinda soporte al seguimiento de los procesos de radicacion?,;"¿Informa las inconsistencias de las cuentas a la Coordinacion del area?);";
RADICACION;AUXILIAR DE RADICACION-RADICACION;¿Recibe las cuentas de las empresas asignadas a su cargo?;¿Realiza el proceso de revision de la documentacion?,;¿Organiza y legaja la documentacion de las cuentas para realizar el armado?,;¿Informa las inconsistencias de las cuentas a la Coordinacion del area?,;"¿Entrega la relacion de cuentas o facturas para su correspondiente auditoria a la entidad que lo solicite y realiza el seguimiento pertinente?);";
RADICACION;JEFE DE RADICACION-RADICACION;¿Lidera las acciones encaminadas al cobro de la cartera y radicacion de cuentas?;¿Coordina y lidera los procesos administrativos del area a cargo?,;¿Diseña y aplica estrategias encaminadas a persuadir el pago de la cartera por segmento de entidades?,;¿Supervisa el cumplimiento de los procesos, procedimientos y politicas definidas del area?,;"¿Realiza seguimiento a la ejecucion adecuada de las funciones, tareas y actividades propias del personal a cargo?);";
RADIOLOGIA E IMAGENOLOGIA;AUXILIAR DE ADMISIONES-RADIOLOGIA E IMAGENOLOGIA;Atender y direccionar las solicitudes requeridas por el usuario y/o paciente.;Garantizar una oportuna, efectiva y amable orientacion a las consultas e inquietudes del usuario.;Registrar en el sistema las ordenes del servicio requerido.;Informar al usuario y/o paciente los aspectos generales y la disponibilidad de los servicios.;Cumplir puntualmente con los horarios establecidos garantizado la atencion a los usuarios.;
RADIOLOGIA E IMAGENOLOGIA;AUXILIAR DE ENFERMERIA-RADIOLOGIA E IMAGENOLOGIA;Recibir las ordenes medica;Llevar el registro diario de todos los estudios realizados.; Acompañar al medico especialista radiologo a los procedimientos programados; Realizar la revision de la documentacion, autorizaciones ordenes medicas, identificaciones, etc.;Cumplir con todos los protocolos para todos los procedimientos y con los medios de contraste;
RADIOLOGIA E IMAGENOLOGIA;AUXILIAR DE RADIOLOGIA-RADIOLOGIA E IMAGENOLOGIA; Atender y direccionar las solicitudes requeridas por el usuario y/o paciente.; Garantizar una oportuna, efectiva y amable orientacion a las consultas e inquietudes del usuario.; Registrar en el sistema las ordenes del servicio requerido.; Informar al usuario y/o paciente los aspectos generales y la disponibilidad de los servicios.; Cumplir puntualmente con los horarios establecidos garantizado la atencion a los usuarios.;
RADIOLOGIA E IMAGENOLOGIA;COORDINADOR RADIOLOGIA E IMAGENOLOGIA-RADIOLOGIA E IMAGENOLOGIA;¿Supervisa y garantiza que los servicios de Radiologia e Imagenologia se presten de manera oportuna de acuerdo con las politicas de calidad y los protocolos establecidos por la Institucion?;¿Coordina y lidera los procesos administrativos y asistenciales del servicio a cargo?,;¿Realiza seguimiento a la ejecucion adecuada de las funciones, tareas y actividades propias del personal a cargo?,;¿Administra el talento humano y los recursos fisicos del area?,;"¿Supervisa el cumplimiento de los procesos, procedimientos y politicas definidas del area?);";
RADIOLOGIA E IMAGENOLOGIA;TECNOLOGO EN RADIOLOGIA E IMAGENOLOGIA-RADIOLOGIA E IMAGENOLOGIA;¿Opera los equipos especializados para la obtencion de imagenes diagnosticas?;¿Realiza toma radiografica de la zona del cuerpo requerida por la orden medica?,;¿Digitaliza e imprime los estudios radiograficos?,;¿Verifica la señalizacion, medidas de seguridad, parametros tecnicos y control de calidad para el optimo funcionamiento del equipo?,;"¿Garantiza la obtencion de las imagenes diagnosticas con los estandares de calidad establecidos para las lecturas medicas?);";
REFERENCIA Y CONTRAREFERENCIA;AUXILIAR DE ADMISIONES-REFERENCIA Y CONTRAREFERENCIA;¿Recibe remisiones, realiza su respectivo proceso de aceptacion de acuerdo con el portafolio de servicios de la Institucion y solicita las autorizaciones de estas con los de la aseguradora?;¿Verifica los derechos de los usuarios con la administradora de planes y beneficios, ya sea telefonicamente o por internet dentro de las paginas establecidas?,;¿Garantiza los servicios requeridos en la red externa a los usuarios y la facturacion a la Institucion?,;¿Solicita codigos y autorizaciones de Referencia y Contrareferencia, procedimientos externos y estancia hospitalaria?,;"¿Presenta remisiones solicitadas por los servicios a las aseguradoras, manteniendo comunicacion permanente y garantizando una respuesta oportuna?);";
REFERENCIA Y CONTRAREFERENCIA;AUXILIAR DE REFERENCIA Y CONTRAREFERENCIA-REFERENCIA Y CONTRAREFERENCIA; Recibe remisiones, realiza su respectivo proceso de aceptacion de acuerdo con el portafolio de servicios de la Institucion y solicita las autorizaciones de estas con los de la aseguradora; Verifica los derechos de los usuarios con la administradora de planes y beneficios, ya sea telefonicamente o por internet dentro de las paginas establecidas; Garantiza los servicios requeridos en la red externa a los usuarios y la facturacion a la Institucion; Solicita codigos y autorizaciones de Referencia y Contrareferencia, procedimientos externos y estancia hospitalaria; Presenta remisiones solicitadas por los servicios a las aseguradoras, manteniendo comunicacion permanente y garantizando una respuesta oportuna;
REFERENCIA Y CONTRAREFERENCIA;COORDINADOR(A) REFERENCIA Y CONTRAREFERENCIA-REFERENCIA Y CONTRAREFERENCIA;¿Coordina procesos establecidos de Referencia y Contrareferencia?;¿Apoya los procesos presentados con las aseguradoras para que se de respuesta de forma oportuna?,;¿Mantiene comunicacion permanente con auditores de aseguradoras, asegurando la gestion de los procesos solicitados?,;¿Establece conductos de comunicacion con coordinadores de servicio asistenciales y administrativos, asegurando solicitudes oportunas y correctas para ser solicitadas al prestador de forma adecuada?,;"¿Establece de forma permanente medidas de control de acuerdo con eventos o novedades de riesgo durante el proceso de Referencia y Contrareferencia, garantizando un servicio oportuno?);";
SEGURIDAD Y SALUD EN EL TRABAJO;ASISTENTE DE SST-SEGURIDAD Y SALUD EN EL TRABAJO;Apoyar el programa de capacitacion anual en promocion y prevencion, que incluye los peligros/riesgos prioritarios y sea extensivo a todos los niveles de la organizacion (area asistencial, administrativo y operativo). ; Socializar las politicas de Seguridad y Salud en el Trabajo, necesarias para el manejo de proveedores y contratistas y solicitar la aprobacion por parte de la gerencia. ;Realizar inspecciones programadas y no programadas a la postura y retiro de Elementos de proteccion Personal:  el uso adecuado de EPP, limpieza y desinfeccion, estado de funcionalidad del EPP. ;Apoyar en las actividades del Plan de Trabajo Anual de Seguridad y Salud en el Trabajo de la empresa. ;Realizar el seguimiento y ejecucion a los planes de accion derivados de las acciones correctivas, preventivas y de mejora, que se originen de las diferentes actividades del Sistema de Gestion de Seguridad y Salud en el Trabajo. ;
SEGURIDAD Y SALUD EN EL TRABAJO;JEFE SEGURIDAD Y SALUD EN EL TRABAJO-SEGURIDAD Y SALUD EN EL TRABAJO;Coordinar y liderar los procesos administrativos y asistenciales del servicio a cargo. ;Supervisar el cumplimiento de las normas, procedimientos de Seguridad y Salud en el Trabajo y politicas definidas del area. ; Realizar seguimiento a la ejecucion adecuada de las funciones, tareas y actividades propias del personal a cargo. ; Administrar el talento humano, los recursos fisicos y materiales del area. ;Garantizar el cumplimiento de los objetivos e indicadores de gestion de la dependencia. ;
SEGURIDAD Y SALUD EN EL TRABAJO;LIDER DE GESTION DEL RIESGO-SEGURIDAD Y SALUD EN EL TRABAJO;¿Coordina la planeacion, elaboracion y presentacion en forma oportuna y confiable conforme a los terminos establecidos en la ley, los reportes a terceros que deban ser presentados por la Institucion?;¿Programa, organiza, ejecuta y hace seguimiento a las actividades relacionadas con la Gestion integral de Riesgos de la Institucion de acuerdo con los procedimientos establecidos, a fin de apoyar la identificacion, valoracion, mitigacion y monitoreo de los riesgos estrategicos y de procesos de la institucion?,;¿Supervisa, impulsa y evalua el proceso de Gestion de Calidad de la Institucion?,;¿Supervisa y verifica el cumplimiento de las politicas Institucionales y Gubernamentales en materia de calidad y prestacion de servicios?,;"¿Fomenta de la mano del area de calidad, formacion de una cultura de calidad que contribuya al mejoramiento continuo en el cumplimiento de la mision institucional?);";
SEGURIDAD Y SALUD EN EL TRABAJO;LIDER DE SEGURIDAD Y SALUD EN EL TRABAJO-SEGURIDAD Y SALUD EN EL TRABAJO;¿Elabora, revisa y actualiza la matriz de riesgos y requisitos de la empresa?;¿Realiza inspecciones programadas y no programadas a las instalaciones, maquinaria y equipo?,;¿Mantiene actualizados los procedimientos de trabajo seguro y de aquellas actividades que generen     riesgos prioritarios para la empresa sean estas rutinarias o no rutinarias?,;¿Participa en el equipo investigador de incidentes, accidentes de trabajo y enfermedades laborales?,;"¿Ejecuta y da seguimiento a los planes de accion derivados de investigaciones de incidentes, accidentes de trabajo y enfermedades laborales?);";
SERVICIOS AMBULATORIOS;ASISTENTE DE ADMISIONES-SERVICIOS AMBULATORIOS;Atender y direccionar las solicitudes requeridas por el usuario y/o paciente. ;Garantizar una oportuna, efectiva y amable orientacion a las consultas e inquietudes del usuario. ;Informar al usuario y/o paciente los aspectos generales y la disponibilidad de los servicios. ;Cumplir puntualmente con los horarios establecidos garantizado la atencion a los usuarios. ;Brindar informacion y orientacion al usuario de manera clara, precisa y amable;
SERVICIOS AMBULATORIOS;AUXILIAR DE ADMISIONES-SERVICIOS AMBULATORIOS;Atender y direccionar las solicitudes requeridas por el usuario y/o paciente. ;Garantizar una oportuna, efectiva y amable orientacion a las consultas e inquietudes del usuario. ;Registrar en el sistema las ordenes del servicio requerido. ;Informar al usuario y/o paciente los aspectos generales y la disponibilidad de los servicios. ;Cumplir puntualmente con los horarios establecidos garantizado la atencion a los usuarios. ;
SERVICIOS AMBULATORIOS;AUXILIAR DE ENFERMERIA-SERVICIOS AMBULATORIOS;Atender y direccionar las solicitudes requeridas por el usuario y/o paciente. ;Garantizar una oportuna, efectiva y amable orientacion a las consultas e inquietudes del usuario. ;Registrar en el sistema las ordenes del servicio requerido. ;Informar al usuario y/o paciente los aspectos generales y la disponibilidad de los servicios. ;Cumplir puntualmente con los horarios establecidos garantizado la atencion a los usuarios. ;
SERVICIOS AMBULATORIOS;AUXILIAR DE POLISOMNOGRAFIA-SERVICIOS AMBULATORIOS;Realizar la toma de electroencefalografias, polisomnografias, y monitorizacion electroencefalica por video y radio a usuarios que soliciten el servicio en la institucion. ;Atender y direccionar las solicitudes requeridas por el usuario y/o paciente. ;Garantizar una oportuna, efectiva y amable orientacion a las consultas e inquietudes del usuario. ;Registrar en el sistema las ordenes del servicio requerido. ;Registrar diariamente en el sistema las actividades realizadas. ;
SERVICIOS AMBULATORIOS;AUXILIAR DE SERVICIOS AMBULATORIOS-SERVICIOS AMBULATORIOS;Revisar, organizar y registrar los documentos pertinentes para el procedimiento de facturacion respectiva. ;Imprimir los diferentes documentos necesarios para soportar la facturacion a realizar. ;Organizar las facturas elaboradas de acuerdo con el procedimiento establecido en el area. ;Asegurar la facturacion de los documentos y soportes recibidos en el area. ;Atender y direccionar las solicitudes requeridas por el usuario y/o paciente.;
SERVICIOS AMBULATORIOS;COORDINADORA DE SERVICIOS AMBULATORIOS-SERVICIOS AMBULATORIOS; Planificar, supervisar y evaluar los cuidados de enfermeria en el servicio.; Coordinar y liderar los procesos administrativos y asistenciales del servicio a cargo.; Supervisar el cumplimiento de las normas, procedimientos y politicas definidas del area.; Realizar seguimiento a la ejecucion adecuada de las funciones, tareas y actividades propias del personal a cargo.; Administrar el talento humano, los recursos fisicos y materiales del area.;
TALENTO HUMANO;ASISTENTE TALENTO HUMANO 1-TALENTO HUMANO;Revisar la solicitud de requisicion debidamente diligenciada, tener en cuenta si son incrementos de personal (Cargo Nuevo) debe tener la aprobacion del Gerente General. ;Validar la documentacion anexa a la hoja de vida que cumpla con los requerimientos para el cargo al cual aspira. ;Realizar verificacion de antecedentes disciplinarios, referencias laborales y verificacion de titulo. ;Realizar las afiliaciones a seguridad social (A.R.L., Salud y Pension), Cajas de Compensacion Familiar y elaboracion de Contrato de Trabajo segun el tipo de vinculacion. (Contrato a termino fijo, termino indefinido, aprendizaje) ;Mantener actualizada y consolidada la informacion de las vacantes en la institucion. ;
TALENTO HUMANO;ASISTENTE TALENTO HUMANO 2-TALENTO HUMANO;Realizar la creacion, actualizacion y seguimiento a los perfiles de cargo de la institucion, garantizando la consolidacion, objetividad y gestion oportuna del manual de funciones. ;Elaborar y gestionar el plan de capacitaciones anual, garantizando el cumplimiento de este. ;Diseñar, planear, implementar y gestionar la evaluacion de desempeño de los colaboradores de la institucion, garantizando el cumplimiento y la elaboracion de informes para la socializacion de resultados. ;Diseñar, planear, implementar, gestionar y analizar el estudio de clima y cultura organizacional en la institucion. ;Realizar informes mensuales evidenciando la gestion de los procesos del cargo.;
TALENTO HUMANO;ASISTENTE TALENTO HUMANO 3-TALENTO HUMANO;Generar informe de ausentismo mensual con indicadores, identificando areas y cargos criticos. ;Actualizar los traslados de area e incrementos salariales, cambios de contrato haciendo la justificacion en el archivo que se utiliza para este fin. ;Ingresar los datos al sistema, registrar descuentos y generar la contabilizacion de las cuentas de cobro. ;Aplicar descuentos de nomina tramitados por el area contable y tramitar la aprobacion de las Cuentas que son revisadas por la auxiliar de contabilidad.  ;Clasificacion, Liquidacion e Ingreso de Novedades: Clasificar las novedades de cada una de las nominas, realizar la liquidacion de las Horas Extras, Recargos Nocturnos y Festivos, e Ingresarlas al programa, para la liquidacion de la nomina. ;
TALENTO HUMANO;ASISTENTE TALENTO HUMANO 4-TALENTO HUMANO;Liquidacion de Vacaciones: Registrar y liquidar las solicitudes de Vacaciones de personal en los tiempos establecidos.;Revision de la Nomina de Vacaciones: Se revisa las nominas frente a las solicitudes de vacaciones realizadas por el personal, se valida la liquidacion del personal de flexibilizacion en los tiempos establecidos. ;Generacion de Informes Definitivos: Impresion planillas de nomina para su aprobacion y generacion del Archivo de Dispersion de Pago de Nomina, junto con sus respectivos soportes, entregar al area financiera en los tiempos establecidos. ;Liquidacion Seguridad Social y Aportes Parafiscales en los tiempos establecidos;Pagos a Terceros: Elaboracion de Informes, consignaciones y demas soportes para el pago a terceros, entregarlos al area financiera en los tiempos establecidos.;
TALENTO HUMANO;AUXILIAR TALENTO HUMANO-TALENTO HUMANO;Realizar seguimiento y control a los contratos de termino fijo. ;Realizar, enviar y recoger formatos de prorroga a los jefes de area y a psicologia organizacional. ;Realizar la revision de hojas de vida mensual para prorrogas de contrato, verificando los procesos disciplinarios y los cursos teniendo en cuenta la autenticidad y la vigencia de estos.;Notificar las prorrogas y no prorrogas de contrato a la persona de nomina del area para el cambio en el sistema. ;Alimentar y realizar seguimiento a la matriz de lista de chequeo de los colaboradores. ;
TALENTO HUMANO;CAPELLAN-TALENTO HUMANO;¿Acompaña y apoya a los enfermos con una adecuada y oportuna ayuda pastoral?;¿Orienta a familiares para que colaboren en el proceso de recuperacion fisica, animica y mental de los pacientes?,;¿Orienta al personal de salud y a los parientes en los problemas etico-morales de tratamiento y catarsis en pro de la rehabilitacion de los enfermos?,;¿Colabora con su investidura en el mejoramiento espiritual del clima Organizacional de la entidad?,;"¿Celebra la Eucaristia y los sacramentos de reconciliacion y comunion a los pacientes, parientes y personal de la entidad que lo solicitan?);";
TALENTO HUMANO;COORDINADORA TALENTO HUMANO-TALENTO HUMANO;¿Ejerce acciones de Autocontrol en todos los procesos que desarrolla el area de Talento Humano?;¿Coordina de acuerdo con las directrices de la Direccion de Talento Humano los asuntos relativos a la administracion del personal de la entidad?,;¿Coordina, supervisa y evalua las actividades y las labores del personal bajo su inmediata responsabilidad?,;¿Coordina y dirige la realizacion de los ajustes de cargo y ajustes salariales de acuerdo con lo establecido por la Direccion?,;"¿Coordina y dirige la elaboracion de la liquidacion de las prestaciones sociales?);";
TALENTO HUMANO;DIRECTOR GESTION HUMANA-TALENTO HUMANO;¿Dirige la marcha administrativa de la unidad a su cargo, para que cada uno de sus funcionarios laboren con eficacia y eficiencia, cumpliendo a cabalidad con sus funciones?;"¿Proyecta y coordina programas de capacitacion para los empleados, a fin de cumplir con los planes de formacion, desarrollo, mejoramiento y actualizacion del personal, a traves de la deteccion de necesidades de adiestramiento, la priorizacion de los cursos, talleres entre otros; para asi poder asegurar el maximo aprovechamiento del talento humano y promover la motivacion al logro, en terminos personales y organizacionales?,";¿Dirige el proceso de seleccion y contratacion de personal, dando cumplimiento a lo establecido segun sea el caso?,;¿Atiende las solicitudes del personal desde el punto de vista laboral y personal, para el mejor desarrollo en sus funciones?,;"¿Elabora y controla el proceso de reclutamiento, seleccion, ingreso e induccion del personal, a fin de asegurar la eleccion de los candidatos mas idoneos para los puestos de la organizacion, mediante la aplicacion de los procedimientos formales programados para facilitar al nuevo trabajador toda la informacion necesaria acerca de la estructura organizacional, funciones, objetivos de la empresa, politica y objetivos de la calidad, de su puesto de trabajo, facilitando la adaptacion del trabajador y su participacion e identificacion activa en la empresa?);";
TALENTO HUMANO;PSICOLOGA-TALENTO HUMANO;Seleccionar y evaluar el talento humano idoneo, de acuerdo con las vacantes requeridas y perfil de cargo.;Brindar asesoria en temas relacionados con la mejora continua, innovacion y el incremento de la productividad en la Institucion.;Realizar agenda programada de Consulta Externa.;Atender y seguir a todos los pacientes a quienes se genere Interconsulta en cualquiera de los Servicios hospitalarios de la Clinica.;Apoyar a las areas de Gestion de la Calidad y Psicologia Organizacional en la elaboracion e implementacion del Programa de Atencion Humanizada.;
TECNOLOGIA;JEFE DEPARTAMENTO DE TECNOLOGIA-TECNOLOGIA;¿Administra y supervisa los sistemas de informacion y comunicacion de la Institucion?;¿Implementa y gestiona modelos que optimicen y garanticen la seguridad Informatica, Firewall, y Planta Telefonica?,;¿Brinda soporte en las recomendaciones del uso de tecnologias de la informacion y la comunicacion pertinentes y adecuadas para la Institucion?,;¿Identifica las ventajas y desventajas de los diferentes recursos tecnologicos de la Institucion y apoya la gestion de acciones de mejora?,;"¿Garantiza la asistencia en los problemas tecnicos de los sistemas operativos y de informacion de la Institucion?);";
TECNOLOGIA;TECNICO TECNOLOGIA-TECNOLOGIA;¿Mantener la correcta operacion de los sistemas aplicando los parametros establecidos por la Direccion de Tecnologia?;¿Instalar sistemas Software y Hardware de acuerdo con los requerimientos del area de Tecnologia?,;¿Realiza los procedimientos de mantenimiento correctivo y preventivo a los sistemas de Hardware y Software?,;¿Asesora a los colaboradores en las recomendaciones para el buen uso de los sistemas?,;"¿Brinda soporte en el proceso seleccion, implantacion y uso de Hardware y software para entornos de oficinas?);";
TESORERIA;ASISTENTE TESORERIA-TESORERIA;¿Recepciona y revisa los recursos economicos que ingresan y salen en el area de Tesoreria?;¿Brinda apoyo en el analisis de consignaciones, recibos, facturas y demas soportes relacionados con el flujo de caja?,;¿Elabora cheques y comprobantes de egreso de dinero?,;¿Custodia la caja fuerte del efectivo, cheques y demas titulos valores que le sean entregados?,;"¿Informa el estado de los anticipos a la Coordinacion de Tesoreria?);";
TESORERIA;ANALISTA TESORERIA-TESORERIA;Recibir dinero de las cajas, confrontar con los soportes;Revisar que las facturas cumplan con los requisitos de Ley y la Dian. ;Elaborar cheques u comprobantes de egresos. ;Elaborar formato diario, cuadre de caja principal. ;Mantener actualizado el dato de cheques girados, pendientes de cobro y post fechados;
TESORERIA;MENSAJERO-TESORERIA;¿Entrega y distribuye los diferentes documentos e informacion dentro de la Institucion?;¿Recoge y lleva la correspondencia externa de la Institucion?,;¿Realiza consignaciones y pagos concernientes a la operacion de la Institucion?,;¿Recoge recursos economicos de la Institucion?,;"¿Radica facturas de la Institucion y distribuirlas a las diferentes entidades segun instruccion del area de Radicacion y Cartera?);";
TESORERIA;TESORERO-TESORERIA;Coordinar y liderar los procesos administrativos del area a cargo.; Supervisar el cumplimiento de las normas, procedimientos y politicas definidas del area.; Realizar seguimiento a la ejecucion adecuada de las funciones, tareas y actividades propias del personal a cargo.;Administrar el talento humano, los recursos fisicos y materiales del area.;Garantizar el cumplimiento de los objetivos e indicadores de gestion de la dependencia.;
UCI ADULTOS;AUXILIAR DE ENFERMERIA-UCI ADULTOS;Realizar los procedimientos necesarios de enfermeria de acuerdo con su competencia, proporcionando bienestar al paciente y brindando un servicio amable, oportuno y cordial. ;Velar por el cuidado y buen funcionamiento de los equipos asignados en el servicio. ;Realizar el procedimiento de venopuncion y administrar los medicamentos. ;Cumplir de manera estricta las guias, protocolos y procedimientos que se encuentran en el Sistema de Gestion de Calidad (SGC). ;;Fortalecer el trato humanizado del personal de enfermería en la unidad de cuidados intensivos y su familia y cumplir con la política de seguridad del paciente. 
UCI ADULTOS;COORDINADOR ENFERMERIA-UCI ADULTOS;Planificar, supervisar y evaluar los cuidados de enfermeria en el servicio. ;Coordinar y liderar los procesos administrativos y asistenciales del servicio a cargo. ;Supervisar el cumplimiento de las normas, procedimientos y politicas definidas del area. ;Realizar seguimiento a la ejecucion adecuada de las funciones, tareas y actividades propias del personal a cargo. ;Administrar el talento humano, los recursos fisicos y materiales del area. ;
UCI ADULTOS;COORDINADORA TERAPIA-UCI ADULTOS;Realizar cuadros de turno de las terapeutas de la institucion, incluido fonoaudiologia y terapia fisica. ;Capacitar en todas las areas al personal de terapia. ;Realizar seguimiento del personal en relacion al cumplimiento de las funciones. ;Realizar seguimiento a la adherencia del personal de terapia a los lineamientos generados en los instrumentos relacionados con los bundle en relacion con las neumonias asociadas a ventilacion mecanica, con el objetivo de disminucion de casos en la institucion. ;Velar por la aplicacion de la humanizacion y atencion segura del usuario en todos los procesos que tengan relacion con el area de terapia. ;
UCI ADULTOS;ENFERMERO(A) PROFESIONAL-UCI ADULTOS;Administrar y supervisar las actividades asistenciales de enfermeria en el servicio asignado. ;Recibir y entregar el turno paciente por paciente, revision de novedades y de los dispositivos medicos. ;Organizar el equipo de trabajo de los auxiliares de acuerdo con las necesidades del Servicio. ;Delegar funciones al personal auxiliar a cargo. ;Participar activamente en la revista medica del servicio. ;
UCI ADULTOS;FISIOTERAPEUTA-UCI ADULTOS;¿Asiste a los pacientes que presentan condiciones de discapacidad fisica?;¿Ejecuta la intervencion de su competencia para contribuir al diagnostico y tratamiento del paciente?,;¿Valora pacientes y realiza los procedimientos pertinentes de terapia?,;¿Realiza seguimiento y monitoreo de su competencia en los pacientes?,;"¿Brinda un servicio profesional de acuerdo con la patologia del usuario y la normatividad vigente?);";
UCI ADULTOS;MEDICO GENERAL-UCI ADULTOS;Atender de manera diligente los pacientes de la Unidad de Cuidados Intensivos.;Establecer el diagnostico y definir la conducta de tratamiento inmediato.;Conocer y aplicar las guias de manejo universales y las de la Institucion en el diagnostico y tratamiento de las patologias mas comunes y definidas.;Brindar atencion integral al paciente, dentro del marco cientifico y social establecido por el direccionamiento estrategico de la Institucion.;Evaluar de manera oportuna al paciente, para establecer un plan de manejo acorde con su patologia, estableciendo un diagnostico presuntivo o definitivo y definiendo el tratamiento acorde inmediato.;
UCI ADULTOS;NUTRICIONISTA-UCI ADULTOS;¿Realiza la valoracion pertinente a los pacientes con el fin de asesorar la dieta nutricional adecuada?;¿Asesora programas de prevencion de enfermedades a traves de buenos habitos alimenticios?,;¿Brinda apoyo como asesor y consultor para otros servicios?,;¿Realiza la monitorizacion y el seguimiento nutricional y dietetico del paciente?,;"¿Realiza cada una de las actividades y procedimientos pertinentes a la especialidad que demanden los usuarios objeto de atencion de la Institucion?);";
UCI ADULTOS;TERAPEUTA RESPIRATORIA-UCI ADULTOS;Asistir a los pacientes que presentan patologias pulmonares y cardiorrespiratorias que ingresan al Servicio. ;Ejecutar la intervencion de su competencia para contribuir al diagnostico y tratamiento de las patologias pulmonares. ;Valorar pacientes y realizar los procedimientos de terapia pertinentes. ;Realizar seguimiento y monitoreo de su competencia en los pacientes con estado critico. ;Recibir el turno paciente por paciente, con libro de entrega de turno verificando la condicion del paciente, tipo de ventilacion o aporte de oxigeno y reporte de gases en la respectiva hoja de registro  ;
UCI NEONATAL;AUXILIAR DE ENFERMERIA-UCI NEONATAL;Realizar los procedimientos necesarios de enfermeria de acuerdo con su competencia, proporcionando bienestar al paciente y brindando un servicio amable, oportuno y cordial. ;Velar por el cuidado y buen funcionamiento de los equipos asignados en el servicio. ;Realizar la toma de signos vitales y proporcionar los cuidados basicos a los pacientes. ;Realizar registro oportuno y adecuado en sabana de enfermeria y notas de los acontecimientos del turno, signos vitales, balance de liquidos, dispositivos invasivos etc.  ;Conocer y aplicar las guias, procedimientos y protocolos del servicio. ;
UCI NEONATAL;ENFERMERO(A) PROFESIONAL-UCI NEONATAL;Administrar y supervisar las actividades asistenciales de enfermeria en el servicio asignado. ;Recibir y entregar el turno paciente por paciente, revision de novedades y de los dispositivos medicos. ;Organizar el equipo de trabajo auxiliar de acuerdo con las necesidades del Servicio. ;Delegar funciones al personal auxiliar a cargo, con observacion de estas. ;Administrar los medicamentos que los pacientes requieran. ;
UCI NEONATAL;TERAPEUTA RESPIRATORIA-UCI NEONATAL;Asistir a los pacientes que presentan patologias pulmonares y cardiorrespiratorias. ;Ejecutar la intervencion de su competencia para contribuir al diagnostico y tratamiento del paciente. ;Valorar pacientes y realizar los procedimientos pertinentes de terapia. ;Realizar seguimiento y monitoreo de su competencia en los pacientes que lo requieran. ;Recibir turno paciente por paciente con entrega de turno en mano, revisar Rayos X y gasometria como minimo. ;
UCI PEDIATRICA;AUXILIAR DE ENFERMERIA-UCI PEDIATRICA;Realizar los procedimientos necesarios de enfermeria de acuerdo con su competencia, proporcionando bienestar al paciente y brindando un servicio amable, oportuno y cordial. ;Velar por el cuidado y buen funcionamiento de los equipos asignados en el servicio. ;Realizar la toma de signos vitales y proporcionar los cuidados basicos a los pacientes. ;Realizar registro oportuno y adecuado en sabana de enfermeria y notas de los acontecimientos del turno, signos vitales, balance de liquidos, dispositivos invasivos etc.  ;Fortalecer el trato humanizado del personal de enfermeria en la unidad de cuidados intensivos y su familia y cumplir con la politica de seguridad del paciente.;
UCI PEDIATRICA;ENFERMERO(A) PROFESIONAL-UCI PEDIATRICA;Administrar y supervisar las actividades asistenciales de enfermeria en el servicio asignado.;Recibir y entregar el turno paciente por paciente, revision de novedades y de los dispositivos medicos.;ü Organizar el equipo de trabajo auxiliar de acuerdo con las necesidades del Servicio.;ü Delegar funciones al personal auxiliar a cargo, con observacion de las mismas.;ü Administrar los medicamentos y mezclas especiales que los pacientes requieran.;
UCI PEDIATRICA;TERAPEUTA RESPIRATORIA-UCI PEDIATRICA;Asistir a los pacientes que presentan patologias pulmonares y cardiorrespiratorias. ;Ejecutar la intervencion de su competencia para contribuir al diagnostico y tratamiento del paciente. ;Valorar pacientes y realizar los procedimientos pertinentes de terapia. ;Realizar seguimiento y monitoreo de su competencia en los pacientes que lo requieran. ;Recibir turno paciente por paciente con entrega de turno en mano, revisar Rayos X y gasometria como minimo. ;
URGENCIAS;AUXILIAR DE ENFERMERIA-URGENCIAS;Realizar recibo y entrega de turno a la hora indicada. ;Mantener al paciente y su unidad en adecuada presentacion personal, orden y limpieza. ;Participar en la admision, traslados, remisiones o egresos del paciente segun los protocolos establecidos de la institucion. ;Proporcionar a los pacientes a su cargo una atencion especifica seguir las guias de manejo de enfermeria acorde a su patologia, manteniendo un ambiente terapeutico. ;Dar atencion de enfermeria al paciente, administrar los medicamentos y dietas. ;
URGENCIAS;COORDINADOR ENFERMERIA-URGENCIAS;Realizar la gestion administrativa de sus funcionarios a su cargo: autorizacion de permisos, vacaciones, remplazo de licencias, remplazo de incapacidades medicas en coordinacion con los encargados de procecesos respectivos. ;Realizar requisicion y entrevistas de personal de acuerdo con las vacantes del servicio. ;Calificar los funcionarios profesionales y no profesionales a su cargo segun desempeño en el ambito clinico en coordinacion con el encargado del proceso respectivo. ;Programar y dirigir las reuniones periodicas del equipo de apoyo clinico. ;Coordinar el trabajo clinico en los ambitos promocional, preventivo y curativo de las prestaciones que realizan los profesionales de enfermeria y auxiliares. ;
URGENCIAS;COORDINADOR MEDICO-URGENCIAS;Coordinar y liderar los procesos administrativos y asistenciales del Servicio de Urgencias. ;Supervisar el cumplimiento de las normas, procedimientos y politicas definidas. ;Realizar seguimiento a la ejecucion adecuada de las funciones, tareas y actividades propias del personal a cargo. ;Definir, implementar y vigilar los indicadores de funcionamiento y de gestion pertinentes del Servicio. ;Administrar el talento humano, los recursos fisicos y materiales del Servicio. ;
URGENCIAS;ENFERMERO(A) PROFESIONAL-URGENCIAS;Administrar y supervisar las actividades asistenciales de enfermeria en el servicio asignado. ;Supervisar el estado del paciente y evaluar sus necesidades para prestar la mejor atencion. ;Realizar acompañamiento en los procesos rutinarios. ;Ajustar y administrar la medicacion del paciente y proporcionar tratamientos conforme a las ordenes del medico. ;Prestar atencion medica inmediata en urgencias. ;
URGENCIAS;MEDICO GENERAL-URGENCIAS;Atender de manera diligente la consulta de urgencia. ;Realizar la valoracion y clasificacion en el servicio de Triage a los usuarios que ingresan al servicio de urgencias. ;Establecer el diagnostico y definir la conducta de tratamiento inmediato. ;Diligenciar la historia Clinica de manera calificada y consignar en ella todo lo pertinente. ;Explicar al paciente el diagnostico, el procedimiento que se le debe establecer y los posibles efectos secundarios. ;
URGENCIAS;TERAPEUTA RESPIRATORIA-URGENCIAS;Asistir a los pacientes que presentan patologias pulmonares y cardiorrespiratorias que ingresan al Servicio. ;Ejecutar la intervencion de su competencia para contribuir al diagnostico y tratamiento de las patologias pulmonares. ;Valorar pacientes y realizar los procedimientos de terapia pertinentes. ;Realizar seguimiento y monitoreo de su competencia en los pacientes con estado critico. ;Recibir el turno paciente por paciente, con libro de entrega de turno verificando la condicion del paciente, tipo de ventilacion o aporte de oxigeno y reporte de gases en la respectiva hoja de registro  ;
CIRUGIA;COORDINADOR MEDICO-CIRUGIA;Coordinar y liderar los procesos administrativos y asistenciales del Servicio de Cirugia. ;Supervisar el cumplimiento de las normas, procedimientos y politicas definidas. ;Realizar seguimiento a la ejecucion adecuada de las funciones, tareas y actividades propias del personal a cargo. ;Definir, implementar y vigilar los indicadores de funcionamiento y de gestion pertinentes del Servicio. ;Administrar el talento humano, los recursos fisicos y materiales del Servicio. ;
UCI ADULTOS;COORDINADOR MEDICO-UCI ADULTOS;Coordinar y liderar los procesos administrativos y asistenciales del Servicio de Uci. ;Supervisar el cumplimiento de las normas, procedimientos y politicas definidas. ;Realizar seguimiento a la ejecucion adecuada de las funciones, tareas y actividades propias del personal a cargo. ;Definir, implementar y vigilar los indicadores de funcionamiento y de gestion pertinentes del Servicio. ;Administrar el talento humano, los recursos fisicos y materiales del Servicio. ;
